"H_Prior","H_Upper","H_Lower","H_Posterior","Relative_Entropy"
"Entropy",19.8651394648654,-13.2836488946396,-27.2192354985701,-24.8626815882873,44.7278210531527
