"H_Prior","H_Upper","H_Lower","H_Posterior","Relative_Entropy"
"Entropy",19.8651394648654,-11.1636182600567,-25.0277114805655,-22.7048961176262,42.5700355824916
