Switchingtimes,FinalTime,IPTGpre,aTcpre,IPTG,aTc
0,1195.51666666667,0,0,0,100
419.45,1195.51666666667,0,0,1,0
900,1195.51666666667,0,0,0,100
