Switchingtimes,FinalTime,IPTGpre,aTcpre,IPTG,aTc
0,729.666666666667,0,100,0,100
420,729.666666666667,0,100,1,0
