Switchingtimes,FinalTime,IPTGpre,aTcpre,IPTG,aTc
0,729.983333333333,0,100,1,0
420,729.983333333333,0,100,0,100
