Switchingtimes,FinalTime,IPTGpre,aTcpre,IPTG,aTc
0,1025.61666666667,0,0,0.05,50
540.45,1025.61666666667,0,0,0.5,4
