"H_Prior","H_Upper","H_Lower","H_Posterior","Relative_Entropy"
"Entropy",19.8651394648654,-9.4338688836155,-22.7872162024359,-20.5434878262642,40.4086272911296
