"H_Prior","H_Upper","H_Lower","H_Posterior","Relative_Entropy"
"Entropy",19.8651394648654,-14.9664884743202,-28.6815597976189,-26.1066735933045,45.9718130581699
