"H_Prior","H_Upper","H_Lower","H_Posterior","Relative_Entropy"
"Entropy",19.8651394648654,-17.3414740860917,-31.0047100061018,-28.636942946373,48.5020824112384
