"H_Prior","H_Upper","H_Lower","H_Posterior","Relative_Entropy"
"Entropy",19.8651394648654,-3.28112936457861,-16.6267206976404,-14.3917529293043,34.2568923941697
