"H_Prior","H_Upper","H_Lower","H_Posterior","Relative_Entropy"
"Entropy",19.8651394648654,-14.0689933964229,-27.745065231769,-25.4709625990873,45.3361020639527
