"H_Prior","H_Upper","H_Lower","H_Posterior","Relative_Entropy"
"Entropy",19.8651394648654,-42.0382486187264,-56.3708503107945,-54.0878405545514,73.9529800194168
