"H_Prior","H_Upper","H_Lower","H_Posterior","Relative_Entropy"
"Entropy",19.8651394648654,-15.9864569541833,-29.6348769577634,-27.3346066354729,47.1997461003383
