"H_Prior","H_Upper","H_Lower","H_Posterior","Relative_Entropy"
"Entropy",19.8651394648654,-14.500358762288,-28.1368626513133,-25.8522001638897,45.7173396287551
