"H_Prior","H_Upper","H_Lower","H_Posterior","Relative_Entropy"
"Entropy",19.8651394648654,-7.89489011330939,-21.1789217503586,-18.9843314042808,38.8494708691462
